Series Name,Series Code,Country Name,Country Code,1992 [YR1992],1993 [YR1993],1994 [YR1994],1995 [YR1995],1996 [YR1996],1997 [YR1997],1998 [YR1998],1999 [YR1999],2000 [YR2000],2001 [YR2001],2002 [YR2002],2003 [YR2003],2004 [YR2004],2005 [YR2005],2006 [YR2006],2007 [YR2007],2008 [YR2008],2009 [YR2009],2010 [YR2010],2011 [YR2011],2012 [YR2012],2013 [YR2013],2014 [YR2014],2015 [YR2015],2016 [YR2016],2017 [YR2017],2018 [YR2018]
CO2 emissions (kt),EN.ATM.CO2E.KT,Afghanistan,AFG,1430,1360,1300,1250,1180,1100,1050,820,770,810,1100,1350,1130,1640,1940,2360,4390,6000,8670,12260,10450,8510,7810,7990,7390,7380,7440
CO2 emissions (kt),EN.ATM.CO2E.KT,Albania,ALB,2240,2070,2140,1950,1970,1480,1800,2970,3170,3220,3750,4110,4290,4070,4050,4220,4170,4320,4580,5040,4580,4790,5220,5070,4930,5600,5560
CO2 emissions (kt),EN.ATM.CO2E.KT,Algeria,DZA,66160,73470,71550,73050,71410,72830,74540,77540,78590,74770,80410,83840,84890,88990,93750,100520,103990,112770,113140,118140,126640,129910,138810,145970,143350,145100,151670
CO2 emissions (kt),EN.ATM.CO2E.KT,American Samoa,ASM,..,..,..,..,..,..,..,..,..,..,..,..,..,..,..,..,..,..,..,..,..,..,..,..,..,..,..
CO2 emissions (kt),EN.ATM.CO2E.KT,Andorra,AND,410,410,410,430,450,470,490,510,520,520,530,530,560,580,550,540,540,520,520,490,490,480,460,470,470,470,460
CO2 emissions (kt),EN.ATM.CO2E.KT,Angola,AGO,6370,6900,6690,10780,11410,11730,11370,12650,12370,12910,13620,18010,19290,18210,20340,23490,25080,27150,28530,29460,30250,32820,34630,35160,35410,30840,27340
CO2 emissions (kt),EN.ATM.CO2E.KT,Antigua and Barbuda,ATG,290,250,250,270,280,300,330,330,330,350,390,410,400,410,440,460,480,1390,490,510,720,470,480,490,500,500,530
CO2 emissions (kt),EN.ATM.CO2E.KT,Argentina,ARG,107350,111030,113810,113810,126560,127320,133170,134190,131910,124870,117470,128360,141850,146320,155370,163630,168150,157440,168140,177260,178530,184000,179910,186090,184280,180120,177410
CO2 emissions (kt),EN.ATM.CO2E.KT,Armenia,ARM,10890,5040,2740,3510,2570,3340,3470,3110,3560,3600,3120,3500,3760,4460,4490,5200,5690,4510,4340,4940,5720,5500,5480,5340,5070,5320,5550
CO2 emissions (kt),EN.ATM.CO2E.KT,Aruba,ABW,..,..,..,..,..,..,..,..,..,..,..,..,..,..,..,..,..,..,..,..,..,..,..,..,..,..,..
CO2 emissions (kt),EN.ATM.CO2E.KT,Australia,AUS,268360,272360,278670,289010,299590,306770,327660,333040,338810,344960,352890,351990,365270,369510,375060,385370,388500,394950,387350,385770,385770,379270,369880,375970,383960,387200,386620
CO2 emissions (kt),EN.ATM.CO2E.KT,Austria,AUT,57670,57800,58290,61180,64900,64220,64670,63050,63530,67910,69370,74460,75800,76240,74100,71240,70730,64420,69960,68270,65110,65750,61990,63150,63390,65830,63180
CO2 emissions (kt),EN.ATM.CO2E.KT,Azerbaijan,AZE,44620,53520,47580,45770,40380,39470,39390,38780,40010,38720,38130,34340,34090,36650,34170,27510,29580,25140,24150,28560,30760,31390,32630,32170,32660,31970,32020
CO2 emissions (kt),EN.ATM.CO2E.KT,"Bahamas, The",BHS,2530,2100,2040,2080,1970,1770,2270,2230,2140,2130,2280,2250,2160,2020,2020,2070,2110,6020,2080,2420,3640,3110,2620,2370,2190,2150,2260
CO2 emissions (kt),EN.ATM.CO2E.KT,Bahrain,BHR,12270,13070,13370,13540,14170,14420,15510,15450,15880,16390,17220,17960,17930,20700,22500,23010,24770,24730,25980,26030,26570,28760,30220,30600,30200,30380,30750
CO2 emissions (kt),EN.ATM.CO2E.KT,Bangladesh,BGD,11820,12570,13540,16550,16820,18970,19250,20110,21650,25780,27430,28630,30530,32710,35900,37990,41580,44750,50580,54420,57990,60580,63800,71690,73740,78710,82760
CO2 emissions (kt),EN.ATM.CO2E.KT,Barbados,BRB,1180,990,1030,1070,1070,1170,1270,1300,1240,1320,1370,1380,1360,1420,1470,1480,1780,4620,1590,1670,2210,1480,1290,1290,1310,1200,1250
CO2 emissions (kt),EN.ATM.CO2E.KT,Belarus,BLR,87780,76240,64670,57530,58480,59050,57230,54980,52990,51740,51770,52550,55770,56480,58810,57350,60270,57200,61470,58350,59790,59930,59470,54890,55210,56240,59310
CO2 emissions (kt),EN.ATM.CO2E.KT,Belgium,BEL,112330,110110,114900,114570,119450,116640,119410,115510,117280,118340,110850,115500,114020,110610,108650,104590,106930,99670,106470,95570,94960,96610,90160,95200,94320,92770,93470
CO2 emissions (kt),EN.ATM.CO2E.KT,Belize,BLZ,500,460,450,460,360,460,450,410,450,530,520,510,440,470,510,530,500,1460,560,640,690,500,490,660,650,650,680
CO2 emissions (kt),EN.ATM.CO2E.KT,Benin,BEN,360,420,400,460,1050,1240,1300,1420,1530,1840,2120,2380,2530,2780,3830,4390,4350,4700,5080,4980,4740,5020,5510,5990,7230,7360,7910
CO2 emissions (kt),EN.ATM.CO2E.KT,Bermuda,BMU,..,..,..,..,..,..,..,..,..,..,..,..,..,..,..,..,..,..,..,..,..,..,..,..,..,..,..
CO2 emissions (kt),EN.ATM.CO2E.KT,Bhutan,BTN,200,170,190,230,280,370,360,360,370,360,400,360,310,410,400,390,400,370,470,670,760,850,940,960,1230,1330,1380
CO2 emissions (kt),EN.ATM.CO2E.KT,Bolivia,BOL,6820,7820,9040,8320,8120,8280,8610,7960,8000,7890,8230,9110,9420,10070,11160,12040,13020,13870,15040,16450,17250,18560,20170,20410,21610,22250,22710
CO2 emissions (kt),EN.ATM.CO2E.KT,Bosnia and Herzegovina,BIH,15970,13400,3160,3370,4190,8490,10760,10520,13950,13760,14560,14860,15570,16230,17910,18890,20760,20590,20840,23740,21960,21850,19490,19610,22340,22650,22540
CO2 emissions (kt),EN.ATM.CO2E.KT,Botswana,BWA,3300,3250,3080,3190,2920,3070,3680,3860,4030,3870,4030,3920,3970,4280,4090,4320,4390,4090,3370,4000,5130,5560,7130,7210,7120,7870,8210
CO2 emissions (kt),EN.ATM.CO2E.KT,Brazil,BRA,208660,215180,222720,241500,262900,281510,290760,300620,312670,319560,317280,309350,326760,330510,333980,351520,372160,350830,397730,417120,451760,482860,506780,479970,441910,449840,427710
CO2 emissions (kt),EN.ATM.CO2E.KT,British Virgin Islands,VGB,..,..,..,..,..,..,..,..,..,..,..,..,..,..,..,..,..,..,..,..,..,..,..,..,..,..,..
CO2 emissions (kt),EN.ATM.CO2E.KT,Brunei Darussalam,BRN,3590,3870,4140,4500,4710,5090,4310,4190,4430,4310,4360,5250,4920,4820,7220,6840,7220,7430,6860,7010,7130,7020,6970,5980,6410,6710,7140
CO2 emissions (kt),EN.ATM.CO2E.KT,Bulgaria,BGR,55130,55670,53520,54690,55060,53370,50590,44300,43330,46180,43630,47890,47180,47880,48970,52620,50030,42970,44850,49670,45120,39820,42230,44690,41740,44040,41130
CO2 emissions (kt),EN.ATM.CO2E.KT,Burkina Faso,BFA,610,620,620,640,720,820,880,930,1050,1020,1020,1100,1130,1150,1400,1680,1910,1930,2090,2200,2710,2970,3020,3400,3500,4070,4270
CO2 emissions (kt),EN.ATM.CO2E.KT,Burundi,BDI,200,210,210,220,220,230,230,230,260,210,220,170,160,160,190,190,200,200,320,370,390,410,390,410,460,570,590
CO2 emissions (kt),EN.ATM.CO2E.KT,Cabo Verde,CPV,110,110,110,120,140,150,160,190,220,250,280,310,340,440,500,460,480,510,540,570,530,510,500,500,550,590,620
CO2 emissions (kt),EN.ATM.CO2E.KT,Cambodia,KHM,1350,1380,1470,1510,1610,1700,1940,1910,1960,2150,2210,2380,2380,2640,2950,3600,3940,4730,4920,5190,5420,5580,6630,8580,9900,11370,11160
CO2 emissions (kt),EN.ATM.CO2E.KT,Cameroon,CMR,2530,6660,7290,7110,6340,6590,6760,6520,6700,6330,6220,6100,6540,6610,6950,8120,8210,8790,8990,7970,7060,7370,7750,8010,8550,8320,8620
CO2 emissions (kt),EN.ATM.CO2E.KT,Canada,CAN,426000,422680,438820,449500,463160,478530,486760,495140,515000,506940,525470,545360,537250,549970,541070,571310,550200,520800,535030,547720,547140,556350,561830,558800,550480,562260,574400
CO2 emissions (kt),EN.ATM.CO2E.KT,Cayman Islands,CYM,..,..,..,..,..,..,..,..,..,..,..,..,..,..,..,..,..,..,..,..,..,..,..,..,..,..,..
CO2 emissions (kt),EN.ATM.CO2E.KT,Central African Republic,CAF,150,160,160,160,170,170,230,240,240,250,250,240,240,240,260,260,260,260,270,290,300,300,300,310,310,310,330
CO2 emissions (kt),EN.ATM.CO2E.KT,Chad,TCD,410,410,420,440,450,460,470,490,510,520,530,760,770,800,820,880,950,970,1030,820,890,920,940,970,1020,1020,1070
CO2 emissions (kt),EN.ATM.CO2E.KT,Channel Islands,CHI,..,..,..,..,..,..,..,..,..,..,..,..,..,..,..,..,..,..,..,..,..,..,..,..,..,..,..
CO2 emissions (kt),EN.ATM.CO2E.KT,Chile,CHL,31490,32300,35380,38250,44060,50560,51410,53770,49820,47870,48690,49910,54730,55720,57050,64740,68250,65370,69720,76470,78490,82940,76390,81970,86160,87040,86620
CO2 emissions (kt),EN.ATM.CO2E.KT,China,CHN,2418180,2643530,2763900,3084870,3064880,3128650,3232120,3149200,3344090,3526750,3808330,4413300,5121830,5819120,6431910,6988210,7195010,7715110,8470570,9278250,9533210,9936680,9894940,9830430,9814310,10017770,10313460
CO2 emissions (kt),EN.ATM.CO2E.KT,Colombia,COL,53210,55780,56430,59060,58850,63590,64090,55870,58220,58560,56430,56020,56220,57910,57720,59190,60000,62960,64680,69910,70290,77790,79820,81030,83760,76060,79490
CO2 emissions (kt),EN.ATM.CO2E.KT,Comoros,COM,70,70,70,80,80,80,90,90,100,110,110,140,150,140,150,120,120,130,160,150,150,180,160,180,200,250,260
CO2 emissions (kt),EN.ATM.CO2E.KT,"Congo, Dem. Rep.",COD,1480,1430,1280,1240,1250,1200,1330,1320,920,790,880,1070,1170,1490,1600,1750,1870,1920,2060,2520,2430,3650,4790,2890,2060,2280,2200
CO2 emissions (kt),EN.ATM.CO2E.KT,"Congo, Rep.",COG,3010,2990,2780,2930,2800,3340,3230,2950,2860,2990,2800,2940,2860,4820,4950,5130,5410,5440,4980,4860,4750,4000,4080,3440,3350,3220,3220
CO2 emissions (kt),EN.ATM.CO2E.KT,Costa Rica,CRI,4150,4180,4850,4810,4530,4490,5020,5040,4950,5420,5520,5800,5940,6270,6560,7600,7520,7200,7110,7430,7450,7780,7830,7540,8080,8180,8260
CO2 emissions (kt),EN.ATM.CO2E.KT,Cote d'Ivoire,CIV,2770,2960,3090,3260,3880,4790,4830,6690,6330,6260,6380,5150,5420,5810,5630,5550,6360,5930,6220,5990,7890,8460,8960,9560,9320,10380,9910
CO2 emissions (kt),EN.ATM.CO2E.KT,Croatia,HRV,14960,15490,14830,15400,15340,17050,18470,18510,18050,19200,20280,21610,21110,21470,21620,22890,21740,20320,19460,19040,17460,17040,16340,16680,16940,17480,16580
CO2 emissions (kt),EN.ATM.CO2E.KT,Cuba,CUB,22090,20090,21610,23080,25030,27400,26950,27830,28200,27190,25960,25230,24970,25860,26300,27200,26310,27100,30260,28540,28850,27350,26880,27490,28450,25650,24970
CO2 emissions (kt),EN.ATM.CO2E.KT,Curacao,CUW,..,..,..,..,..,..,..,..,..,..,..,..,..,..,..,..,..,..,..,..,..,..,..,..,..,..,..
CO2 emissions (kt),EN.ATM.CO2E.KT,Cyprus,CYP,5430,5690,5930,5800,6160,6250,6550,6810,7070,6930,7110,7770,7710,7870,7940,8240,8400,8180,7820,7550,7020,6380,6750,6780,7150,7300,7230
CO2 emissions (kt),EN.ATM.CO2E.KT,Czech Republic,CZE,134140,130980,124710,125180,126740,124790,118920,111950,123170,122720,118530,122770,123440,120000,120600,123630,118310,111170,113930,110980,107170,102720,99750,100980,102860,103420,102480
CO2 emissions (kt),EN.ATM.CO2E.KT,Denmark,DNK,57010,59290,63190,59920,73300,63720,59740,56960,52710,53850,53980,59340,53890,50270,58210,53400,50120,47890,48180,43090,38210,39980,35760,33600,35380,33330,33380
CO2 emissions (kt),EN.ATM.CO2E.KT,Djibouti,DJI,340,340,330,330,340,350,350,350,370,380,400,410,400,430,430,470,470,460,520,480,510,560,460,540,490,470,490
CO2 emissions (kt),EN.ATM.CO2E.KT,Dominica,DMA,80,80,80,100,80,100,110,110,130,150,120,140,160,160,170,180,180,500,180,170,250,170,180,180,180,170,180
CO2 emissions (kt),EN.ATM.CO2E.KT,Dominican Republic,DOM,9620,9520,11140,11850,12730,14500,16610,17790,18660,18970,20870,18720,17250,18660,20320,20580,20540,19630,20640,20870,21640,21250,21320,23450,24460,23390,25120
CO2 emissions (kt),EN.ATM.CO2E.KT,Ecuador,ECU,17210,16140,17030,19780,22490,23550,23380,20720,21370,23420,23590,23960,25420,27150,29110,29580,30280,32430,34650,35500,36630,39430,41200,40720,39010,37760,39530
CO2 emissions (kt),EN.ATM.CO2E.KT,"Egypt, Arab Rep.",EGY,92300,91830,86430,91870,96770,103960,109270,114670,112860,125010,127740,131240,142690,160590,169130,182230,189120,195490,196500,201610,212410,210430,216650,225950,233960,238690,246260
CO2 emissions (kt),EN.ATM.CO2E.KT,El Salvador,SLV,3350,3920,4460,4960,4390,5320,5670,5610,5630,5870,5940,6510,6680,6840,7230,7630,6910,6680,6540,6780,6770,6460,6590,7000,7170,6380,6810
CO2 emissions (kt),EN.ATM.CO2E.KT,Equatorial Guinea,GNQ,70,990,990,1000,1510,1630,1610,1820,2350,2730,4030,5160,7250,8090,9160,7550,8980,9660,9520,9710,10010,9350,8090,7140,5600,5630,6670
CO2 emissions (kt),EN.ATM.CO2E.KT,Eritrea,ERI,440,630,730,800,870,830,610,650,640,700,680,690,680,600,520,510,450,470,500,580,630,650,680,650,660,720,800
CO2 emissions (kt),EN.ATM.CO2E.KT,Estonia,EST,23780,18320,17880,16230,17210,16830,16260,15200,14820,15290,14860,16830,16920,17120,15890,19850,18290,14960,18880,18050,16780,19190,17820,15370,15650,16280,16000
CO2 emissions (kt),EN.ATM.CO2E.KT,Eswatini,SWZ,830,730,1040,1000,780,1110,1140,1220,1130,1080,1070,1000,990,1010,1010,1040,1020,1070,1010,1020,1060,1550,960,1030,1230,1040,1090
CO2 emissions (kt),EN.ATM.CO2E.KT,Ethiopia,ETH,1520,1940,2260,2570,2870,3060,3230,3180,3560,4400,4570,5020,5330,5050,5400,6070,6880,6930,6470,7540,8460,10280,12330,12880,14950,15460,16280
CO2 emissions (kt),EN.ATM.CO2E.KT,Faroe Islands,FRO,..,..,..,..,..,..,..,..,..,..,..,..,..,..,..,..,..,..,..,..,..,..,..,..,..,..,..
CO2 emissions (kt),EN.ATM.CO2E.KT,Fiji,FJI,760,750,750,760,820,800,780,800,850,1080,920,1080,1460,1280,1370,1260,960,970,1160,1110,1030,1130,1310,1510,1740,1810,1900
CO2 emissions (kt),EN.ATM.CO2E.KT,Finland,FIN,52280,53460,59930,56090,62570,60620,57270,56510,55100,61090,63440,71710,67680,55460,67020,65100,56660,54180,62530,55120,49410,50190,46160,42820,45710,43010,44360
CO2 emissions (kt),EN.ATM.CO2E.KT,France,FRA,368660,349530,344480,352280,367960,359140,381180,375000,373240,376860,371170,376840,377950,380820,371600,362910,358210,343880,347940,333530,336330,336630,304530,310520,312710,316360,309960
CO2 emissions (kt),EN.ATM.CO2E.KT,French Polynesia,PYF,..,..,..,..,..,..,..,..,..,..,..,..,..,..,..,..,..,..,..,..,..,..,..,..,..,..,..
CO2 emissions (kt),EN.ATM.CO2E.KT,Gabon,GAB,4610,4700,4440,4610,4720,4830,4930,4820,4670,4580,4330,4390,4430,4630,4040,4050,4130,4200,4770,5640,5830,5700,5500,5480,5710,4700,4610
CO2 emissions (kt),EN.ATM.CO2E.KT,"Gambia, The",GMB,200,210,210,220,220,230,250,260,240,310,300,300,320,340,360,400,430,480,440,450,460,440,520,530,530,540,570
CO2 emissions (kt),EN.ATM.CO2E.KT,Georgia,GEO,20070,16090,10440,8180,6360,5520,4990,4520,4770,3520,2960,3160,3370,4240,4700,5630,4840,5620,5320,6520,7190,7840,8470,9200,9650,9630,9460
CO2 emissions (kt),EN.ATM.CO2E.KT,Germany,DEU,892750,887010,875810,873090,902750,870900,863140,833350,830080,847500,833180,836550,820830,802170,814160,783600,789550,734660,772920,746380,760020,777630,737490,742310,747150,732200,709540
CO2 emissions (kt),EN.ATM.CO2E.KT,Ghana,GHA,3080,3190,3460,3710,4090,4290,6100,6580,5740,6210,7420,7130,6620,7020,8430,9050,8560,9950,11150,12210,14220,15010,14370,15130,14110,14780,16110
CO2 emissions (kt),EN.ATM.CO2E.KT,Gibraltar,GIB,..,..,..,..,..,..,..,..,..,..,..,..,..,..,..,..,..,..,..,..,..,..,..,..,..,..,..
CO2 emissions (kt),EN.ATM.CO2E.KT,Greece,GRC,78180,78090,79730,82840,82760,83760,87130,87400,94460,96610,96600,100220,99850,101950,100700,104310,100410,94740,87580,84550,80090,72480,69550,68010,66850,66800,65290
CO2 emissions (kt),EN.ATM.CO2E.KT,Greenland,GRL,..,..,..,..,..,..,..,..,..,..,..,..,..,..,..,..,..,..,..,..,..,..,..,..,..,..,..
CO2 emissions (kt),EN.ATM.CO2E.KT,Grenada,GRD,160,150,160,170,190,200,230,220,210,230,240,250,230,250,260,280,290,810,290,290,420,320,250,270,280,290,300
CO2 emissions (kt),EN.ATM.CO2E.KT,Guam,GUM,..,..,..,..,..,..,..,..,..,..,..,..,..,..,..,..,..,..,..,..,..,..,..,..,..,..,..
CO2 emissions (kt),EN.ATM.CO2E.KT,Guatemala,GTM,4830,5110,5430,6350,6190,6550,8290,8200,9420,9810,10470,10540,10750,11520,11510,12410,11240,11850,11450,11740,12150,13010,13950,16340,17460,16510,18210
CO2 emissions (kt),EN.ATM.CO2E.KT,Guinea,GIN,1050,1080,1120,1160,1230,1290,1360,1430,1490,1570,1630,1700,1770,1840,1900,1980,2010,2120,2500,2620,2490,2180,2240,2540,2830,2970,3120
CO2 emissions (kt),EN.ATM.CO2E.KT,Guinea-Bissau,GNB,180,190,180,180,180,200,170,190,150,150,150,200,210,210,220,230,220,230,240,250,250,260,280,280,300,300,310
CO2 emissions (kt),EN.ATM.CO2E.KT,Guyana,GUY,1080,1090,1410,1530,1580,1720,1750,1740,1660,1640,1620,1620,1670,1480,1330,1600,1600,1620,1760,1830,2000,1980,2060,2050,2310,2320,2440
CO2 emissions (kt),EN.ATM.CO2E.KT,Haiti,HTI,900,700,190,900,1060,1270,1310,1380,1470,1600,1830,1810,1670,1710,1720,2040,2030,1990,2460,2800,2500,2730,3060,3320,3400,3370,3330
CO2 emissions (kt),EN.ATM.CO2E.KT,Honduras,HND,2740,2910,3270,3880,3930,4070,4710,4780,5040,5850,6130,6770,7610,7030,8030,8610,8650,8150,8210,8780,9140,9340,9460,9870,9400,9000,9770
CO2 emissions (kt),EN.ATM.CO2E.KT,"Hong Kong SAR, China",HKG,..,..,..,..,..,..,..,..,..,..,..,..,..,..,..,..,..,..,..,..,..,..,..,..,..,..,..
CO2 emissions (kt),EN.ATM.CO2E.KT,Hungary,HUN,58000,58380,57780,57430,58460,56990,57350,57910,54630,56300,55630,58230,56390,55960,55460,53860,53030,47840,47880,46910,43430,40760,40630,43380,44480,46550,46390
CO2 emissions (kt),EN.ATM.CO2E.KT,Iceland,ISL,1950,1980,2090,2000,2270,2150,2150,2120,2230,2160,2240,2230,2320,2290,2330,2380,2180,2110,1960,1890,1860,2030,2050,2060,2070,2170,2200
CO2 emissions (kt),EN.ATM.CO2E.KT,India,IND,630260,652470,687950,741100,776720,821480,839830,904090,940170,953880,987530,1015890,1087190,1137740,1214250,1336100,1423880,1568530,1665310,1760800,1908570,1966810,2136870,2150220,2183280,2301440,2434520
CO2 emissions (kt),EN.ATM.CO2E.KT,Indonesia,IDN,170910,185480,196930,222840,234480,257670,261140,278990,280170,301830,306060,335370,343160,344400,364100,379980,377180,394490,416940,480460,486750,454320,490050,490840,494980,532920,583110
CO2 emissions (kt),EN.ATM.CO2E.KT,"Iran, Islamic Rep.",IRN,233400,231280,261180,272400,280240,291410,292830,326410,340750,351010,368720,390680,419710,451200,490770,523740,534090,551430,550890,561730,571120,592480,610670,602230,605760,620780,629290
CO2 emissions (kt),EN.ATM.CO2E.KT,Iraq,IRQ,67390,88770,99730,96100,98220,115790,81460,64610,74570,84300,79410,72080,75290,88230,83890,77470,86040,107520,120230,131030,151860,162550,168840,162190,172350,174290,188140
CO2 emissions (kt),EN.ATM.CO2E.KT,Ireland,IRL,31590,31720,32910,33520,34980,36150,38670,40280,42620,44910,44040,44220,44860,46780,47810,47020,46350,41020,40630,36360,37100,35720,35550,36990,38710,37530,37110
CO2 emissions (kt),EN.ATM.CO2E.KT,Isle of Man,IMN,..,..,..,..,..,..,..,..,..,..,..,..,..,..,..,..,..,..,..,..,..,..,..,..,..,..,..
CO2 emissions (kt),EN.ATM.CO2E.KT,Israel,ISR,36860,40500,43360,46770,48730,50970,51500,52980,57000,57950,61080,62890,63160,60990,64330,66590,66700,65720,70510,69820,76060,67000,64710,66140,65260,66040,61970
CO2 emissions (kt),EN.ATM.CO2E.KT,Italy,ITA,402270,396930,392290,416420,412150,415520,426370,433010,436300,436570,443470,462200,472410,473830,466650,459370,444980,397060,405270,396690,376750,346450,327490,337860,333340,329190,324850
CO2 emissions (kt),EN.ATM.CO2E.KT,Jamaica,JAM,8150,8320,8380,8680,9040,9200,9720,9980,10060,10080,10250,10590,10570,10560,12060,12020,9620,7880,7480,7600,7110,7580,7400,7290,7750,7190,8510
CO2 emissions (kt),EN.ATM.CO2E.KT,Japan,JPN,1117470,1109660,1162940,1172790,1186230,1173990,1131250,1165890,1182950,1170620,1206970,1215780,1211090,1213820,1190260,1226360,1159620,1101210,1156080,1212170,1252220,1260900,1219820,1181500,1171390,1151930,1106150
CO2 emissions (kt),EN.ATM.CO2E.KT,Jordan,JOR,11920,12200,12990,13600,13870,14370,14610,14630,16270,16250,16870,17310,18580,19870,20170,21090,20010,20660,20200,20760,24120,23800,25590,25360,24860,26100,24700
CO2 emissions (kt),EN.ATM.CO2E.KT,Kazakhstan,KAZ,255650,218350,196060,172480,149900,126810,130320,118250,114680,111870,121460,136300,150220,162480,180210,189110,232010,204220,223570,242190,241490,256340,205230,206640,223020,225560,220450
CO2 emissions (kt),EN.ATM.CO2E.KT,Kenya,KEN,5950,5860,5870,6370,6970,6640,7160,7490,8230,7610,7420,6530,7430,8330,9300,9370,9910,11710,12640,13030,12130,14100,15030,17090,18770,18890,18400
CO2 emissions (kt),EN.ATM.CO2E.KT,Kiribati,KIR,20,30,30,30,30,30,30,30,40,30,40,50,50,70,70,60,60,60,50,50,60,60,60,60,80,80,80
CO2 emissions (kt),EN.ATM.CO2E.KT,"Korea, Dem. People's Rep.",PRK,104700,96710,88760,83420,74010,67520,60940,66580,71820,74390,71200,72740,74320,77590,78940,65640,72830,55360,51620,37040,38500,27820,31420,25300,30090,22380,18120
CO2 emissions (kt),EN.ATM.CO2E.KT,"Korea, Rep.",KOR,296210,326630,353230,384310,408880,430480,365670,400940,455690,470520,461940,464610,484900,480080,486940,501500,513190,525390,574260,597290,598960,597640,586000,606510,614780,625350,630870
CO2 emissions (kt),EN.ATM.CO2E.KT,Kosovo,XKX,..,..,..,..,..,..,..,..,..,..,..,..,..,..,..,..,..,..,..,..,..,..,..,..,..,..,..
CO2 emissions (kt),EN.ATM.CO2E.KT,Kuwait,KWT,23010,29260,33750,33800,32940,34050,39890,43730,47170,50820,53390,55630,59490,67250,69670,68740,72910,75040,78250,81160,83590,85260,83580,88040,89880,89720,89460
CO2 emissions (kt),EN.ATM.CO2E.KT,Kyrgyz Republic,KGZ,13800,10110,6550,4600,5770,5690,6030,4790,4670,3970,4970,5590,5560,5300,5320,6470,7510,6760,6350,7620,10060,9380,9710,10270,9700,9340,11000
CO2 emissions (kt),EN.ATM.CO2E.KT,Lao PDR,LAO,590,610,630,670,750,790,820,850,900,1000,1110,1150,1210,1260,1640,1730,2050,2540,2880,3040,3270,3910,4420,8660,15360,18510,18790
CO2 emissions (kt),EN.ATM.CO2E.KT,Latvia,LVA,13970,11760,10220,9000,9010,8530,8130,7550,6930,7360,7350,7590,7620,7720,8200,8530,8110,7360,8520,7900,7570,7450,7280,7320,7150,7120,7630
CO2 emissions (kt),EN.ATM.CO2E.KT,Lebanon,LBN,7020,10330,11270,13300,14120,16130,16250,17030,15670,16890,16840,17410,17880,17280,16230,15050,18660,21920,20880,21180,23480,23240,24940,27050,27810,29280,27710
CO2 emissions (kt),EN.ATM.CO2E.KT,Lesotho,LSO,1500,1540,1580,1610,1640,1670,1710,1720,1750,1770,1800,1820,1870,1900,1920,1960,2010,2100,2160,2210,2280,2290,2310,2230,2270,2440,2570
CO2 emissions (kt),EN.ATM.CO2E.KT,Liberia,LBR,400,420,420,420,430,450,490,400,430,450,450,480,560,670,690,640,540,540,730,850,950,910,1220,1260,1410,1260,1320
CO2 emissions (kt),EN.ATM.CO2E.KT,Libya,LBY,30300,30840,35910,37490,39400,38940,39900,38060,39870,41430,43600,44280,45490,49130,49370,46290,51470,53810,57230,38050,52300,54990,59700,53840,51180,56810,58940
CO2 emissions (kt),EN.ATM.CO2E.KT,Liechtenstein,LIE,210,210,200,200,210,220,230,230,220,210,220,230,230,230,230,200,220,210,190,180,190,190,160,160,150,160,140
CO2 emissions (kt),EN.ATM.CO2E.KT,Lithuania,LTU,19980,15740,14810,13740,14230,13920,14710,12250,10510,11150,11220,11230,11910,12830,13020,13210,13060,11690,12600,11840,11930,11330,10860,11070,11200,11220,11590
CO2 emissions (kt),EN.ATM.CO2E.KT,Luxembourg,LUX,11460,11670,10840,8680,8760,8270,7590,7950,8580,9140,9840,10260,11680,11940,11740,11140,11040,10460,11060,10930,10690,10150,9650,9130,8860,9000,9320
CO2 emissions (kt),EN.ATM.CO2E.KT,"Macao SAR, China",MAC,..,..,..,..,..,..,..,..,..,..,..,..,..,..,..,..,..,..,..,..,..,..,..,..,..,..,..
CO2 emissions (kt),EN.ATM.CO2E.KT,Madagascar,MDG,960,1000,1210,1370,1310,1420,1630,1670,1650,1670,1120,1550,1650,1710,1640,1720,1780,1690,1870,2190,2740,2930,3050,3320,3220,3500,3370
CO2 emissions (kt),EN.ATM.CO2E.KT,Malawi,MWI,790,880,910,910,910,950,920,960,880,880,860,880,910,910,930,980,1100,1120,1040,1140,1120,1210,1100,1200,1360,1500,1570
CO2 emissions (kt),EN.ATM.CO2E.KT,Malaysia,MYS,68870,71190,77000,83880,95710,102500,103040,111820,121650,126770,136330,143810,157470,166410,172680,188340,201130,181020,199110,201670,203280,219820,231680,232550,228640,222890,239620
CO2 emissions (kt),EN.ATM.CO2E.KT,Maldives,MDV,230,200,200,260,280,340,310,430,460,480,610,530,740,710,870,870,870,910,960,1010,1140,1130,1360,1350,1750,1820,1910
CO2 emissions (kt),EN.ATM.CO2E.KT,Mali,MLI,450,460,470,470,490,530,770,800,1410,1610,1400,1400,1480,1650,1890,2070,2090,2510,2780,3120,3110,3050,3120,3410,4420,5050,5620
CO2 emissions (kt),EN.ATM.CO2E.KT,Malta,MLT,2170,2810,2510,2380,2320,2470,2370,2410,2130,2490,2320,2610,2600,2620,2650,2710,2720,2510,2580,2570,2710,2370,2350,1650,1350,1520,1550
CO2 emissions (kt),EN.ATM.CO2E.KT,Marshall Islands,MHL,80,90,90,90,90,90,100,100,100,110,120,110,130,140,140,140,130,140,140,140,140,140,150,150,180,180,190
CO2 emissions (kt),EN.ATM.CO2E.KT,Mauritania,MRT,890,910,950,1000,1060,1050,990,1110,1120,1180,1270,1300,1410,1450,1460,1720,1800,1990,2070,2190,2400,2200,2520,2950,2810,3800,4000
CO2 emissions (kt),EN.ATM.CO2E.KT,Mauritius,MUS,1320,1470,1510,1550,1610,1620,1790,2200,2430,2570,2610,2750,2770,2960,3300,3400,3470,3420,3660,3640,3730,3820,3950,3960,4040,4180,4130
CO2 emissions (kt),EN.ATM.CO2E.KT,Mexico,MEX,289760,300830,325980,306520,326080,349230,373120,360470,384480,382760,388740,407000,414190,432390,449710,462410,477410,461760,468940,480960,480710,469860,458320,472590,479250,471810,472140
CO2 emissions (kt),EN.ATM.CO2E.KT,"Micronesia, Fed. Sts.",FSM,110,110,110,120,120,130,130,130,130,150,140,160,160,160,140,140,120,130,110,120,130,140,140,150,170,170,180
CO2 emissions (kt),EN.ATM.CO2E.KT,Moldova,MDA,20320,17410,14140,12140,10400,9580,8650,7350,6710,7020,7180,7770,7780,8180,7980,8140,8150,7640,8300,8350,8140,7180,7710,8020,8140,8160,8590
CO2 emissions (kt),EN.ATM.CO2E.KT,Monaco,MCO,..,..,..,..,..,..,..,..,..,..,..,..,..,..,..,..,..,..,..,..,..,..,..,..,..,..,..
CO2 emissions (kt),EN.ATM.CO2E.KT,Mongolia,MNG,12860,11850,10320,10280,8690,8520,8550,8610,9000,8970,9600,9310,9560,11060,12420,13020,12970,13640,14310,15730,17140,18380,18120,17300,18170,19470,21320
CO2 emissions (kt),EN.ATM.CO2E.KT,Montenegro,MNE,0,0,0,0,0,0,0,0,0,0,0,0,0,2010,2180,2100,2690,1750,2580,2540,2330,2270,2220,2360,2110,2230,2520
CO2 emissions (kt),EN.ATM.CO2E.KT,Morocco,MAR,25260,25980,28130,29200,28890,30330,31050,32600,33290,36920,38270,38210,42170,44490,46190,47730,50180,50540,53660,57790,60150,59720,61160,63150,63080,65930,66680
CO2 emissions (kt),EN.ATM.CO2E.KT,Mozambique,MOZ,1100,1290,1100,1170,1160,1290,1240,1230,1430,1410,1570,1910,1910,1710,1860,2230,2240,2510,2720,3200,3070,3460,4470,5640,5790,6020,6640
CO2 emissions (kt),EN.ATM.CO2E.KT,Myanmar,MMR,4290,4810,5650,6940,7310,7250,7910,9040,9600,8510,8430,10870,10510,11080,10210,10520,8030,7630,8280,8580,11790,13590,17040,19010,21890,31400,32520
CO2 emissions (kt),EN.ATM.CO2E.KT,Namibia,NAM,1220,1420,1640,1770,1920,1970,2020,1980,1940,2460,2130,2270,2380,2530,2540,2620,2960,3030,3130,3320,3540,3820,4000,4270,4360,4330,4250
CO2 emissions (kt),EN.ATM.CO2E.KT,Nauru,NRU,120,110,110,110,100,100,100,90,90,80,80,70,70,70,50,40,40,40,40,40,40,50,50,50,60,70,70
CO2 emissions (kt),EN.ATM.CO2E.KT,Nepal,NPL,1230,1410,1740,1890,1960,2190,2320,3120,3220,3470,2790,3020,2810,3190,2620,2690,2990,3880,4640,5200,6000,6090,7130,6460,9340,11030,12030
CO2 emissions (kt),EN.ATM.CO2E.KT,Netherlands,NLD,153260,158270,157420,164340,173920,166480,166920,161640,162300,167400,167500,170460,172160,167970,163710,164630,165390,160540,171160,158870,157520,157120,149890,158110,158270,155910,151170
CO2 emissions (kt),EN.ATM.CO2E.KT,New Caledonia,NCL,..,..,..,..,..,..,..,..,..,..,..,..,..,..,..,..,..,..,..,..,..,..,..,..,..,..,..
CO2 emissions (kt),EN.ATM.CO2E.KT,New Zealand,NZL,24390,23910,24280,24380,25500,27820,27340,28710,29500,31720,31580,33440,32870,34260,34310,33390,34370,31320,31130,30350,32010,31750,31790,32190,31180,32920,32210
CO2 emissions (kt),EN.ATM.CO2E.KT,Nicaragua,NIC,2240,2200,2530,2650,2820,3020,3520,3540,3770,3930,4060,4530,4500,4300,4510,4670,4460,4390,4510,4770,4690,4490,4760,5270,5380,5400,5210
CO2 emissions (kt),EN.ATM.CO2E.KT,Niger,NER,530,600,580,560,640,650,700,680,670,660,700,760,790,760,750,820,860,1080,1370,1410,1890,1790,1980,1970,1970,2070,2290
CO2 emissions (kt),EN.ATM.CO2E.KT,Nigeria,NGA,86400,84410,80530,81540,87180,83540,76640,74660,76070,85150,86110,88680,88630,98440,92200,90130,91530,74240,90730,102090,100680,110720,116200,108150,108420,112920,130670
CO2 emissions (kt),EN.ATM.CO2E.KT,North Macedonia,MKD,8590,8890,8590,8570,10110,9040,9880,9140,8820,8990,8430,9210,8920,9360,9370,9810,9580,8960,8730,9640,9130,8240,7780,7480,7390,7860,7370
CO2 emissions (kt),EN.ATM.CO2E.KT,Northern Mariana Islands,MNP,..,..,..,..,..,..,..,..,..,..,..,..,..,..,..,..,..,..,..,..,..,..,..,..,..,..,..
CO2 emissions (kt),EN.ATM.CO2E.KT,Norway,NOR,30450,32030,33670,33100,34050,35810,37530,39370,34080,34780,34470,37120,37460,36370,37360,38000,37070,37450,41860,40160,39110,38210,38280,38640,37950,36900,37350
CO2 emissions (kt),EN.ATM.CO2E.KT,Oman,OMN,14900,14080,13810,15600,15820,17240,17280,20430,22540,25280,26940,27670,27520,27870,37520,41030,40080,42730,46470,52380,58650,60990,64470,68300,69540,69900,73370
CO2 emissions (kt),EN.ATM.CO2E.KT,Pakistan,PAK,66920,73740,76250,82730,85820,89320,90170,98750,98370,99810,102300,105660,118650,121670,132480,146260,142160,145140,140620,141640,143750,145100,153670,163590,180570,197700,208370
CO2 emissions (kt),EN.ATM.CO2E.KT,Palau,PLW,200,200,200,200,200,200,200,200,210,220,220,220,230,260,250,240,210,200,210,220,210,220,220,220,260,270,290
CO2 emissions (kt),EN.ATM.CO2E.KT,Panama,PAN,3640,3800,4040,4360,4410,4640,5720,5010,5280,6220,5410,5530,5610,7120,7490,7480,7300,8700,9190,9990,10460,10610,11280,10700,10770,10250,10140
CO2 emissions (kt),EN.ATM.CO2E.KT,Papua New Guinea,PNG,2180,2210,2050,2130,2230,2400,2650,2600,2820,3380,3610,4070,4910,4880,4740,5040,4740,5010,5020,5150,4900,5230,5870,6430,7630,7700,7460
CO2 emissions (kt),EN.ATM.CO2E.KT,Paraguay,PRY,2470,2820,3340,3780,3720,4110,4270,4270,3520,3620,3780,3940,3970,3700,3830,3950,4180,4370,5040,5220,5180,5300,5630,6370,7150,8000,8420
CO2 emissions (kt),EN.ATM.CO2E.KT,Peru,PER,20690,21540,22360,25400,27740,27950,26640,28840,28430,26360,27550,26940,31300,31350,31080,34110,38560,41680,45570,48580,48370,49520,52810,53820,56530,53990,54280
CO2 emissions (kt),EN.ATM.CO2E.KT,Philippines,PHL,43730,47460,51500,61800,67490,75330,74930,72430,73190,71670,72940,74770,76320,78100,70810,74560,76730,77520,83570,84470,88060,97800,104410,113670,124920,136590,142240
CO2 emissions (kt),EN.ATM.CO2E.KT,Poland,POL,343370,344020,339750,340000,355320,344630,318410,308980,295710,293600,287280,297700,301820,301350,314090,313370,308320,297260,313740,310590,303350,298330,285740,289050,299740,312820,312740
CO2 emissions (kt),EN.ATM.CO2E.KT,Portugal,PRT,46770,45790,47300,50690,48740,50930,55600,62210,61660,61380,65610,60520,62130,65470,60450,58800,56840,56300,50940,49870,48220,46560,45930,49850,48760,53330,49780
CO2 emissions (kt),EN.ATM.CO2E.KT,Puerto Rico,PRI,..,..,..,..,..,..,..,..,..,..,..,..,..,..,..,..,..,..,..,..,..,..,..,..,..,..,..
CO2 emissions (kt),EN.ATM.CO2E.KT,Qatar,QAT,14680,15490,16250,17020,17910,19450,20810,22950,21730,23490,27600,28910,31910,41280,44980,51050,55230,57170,62270,65770,73290,74600,80400,83310,85280,87680,90170
CO2 emissions (kt),EN.ATM.CO2E.KT,Romania,ROU,125990,117640,115090,120730,123950,113420,99390,85500,88880,94110,93590,99620,96730,95810,98940,96440,95210,80520,77500,83950,81730,72010,71410,72900,71140,74100,74880
CO2 emissions (kt),EN.ATM.CO2E.KT,Russian Federation,RUS,2005430,1821790,1612870,1564900,1534380,1427060,1418510,1456150,1489500,1490530,1491720,1522190,1534120,1530850,1590090,1591510,1613140,1495170,1583160,1661780,1666860,1624020,1606860,1557530,1530900,1557190,1607550
CO2 emissions (kt),EN.ATM.CO2E.KT,Rwanda,RWA,480,480,460,450,460,480,480,500,520,520,520,510,520,510,510,540,530,560,570,650,720,780,810,930,1050,1050,1080
CO2 emissions (kt),EN.ATM.CO2E.KT,Samoa,WSM,120,120,120,120,130,130,140,140,150,150,160,160,170,190,190,190,190,190,190,200,200,200,210,240,300,300,320
CO2 emissions (kt),EN.ATM.CO2E.KT,San Marino,SMR,..,..,..,..,..,..,..,..,..,..,..,..,..,..,..,..,..,..,..,..,..,..,..,..,..,..,..
CO2 emissions (kt),EN.ATM.CO2E.KT,Sao Tome and Principe,STP,40,50,50,50,50,50,50,50,50,50,60,70,70,80,80,80,90,90,100,100,120,120,120,120,120,130,140
CO2 emissions (kt),EN.ATM.CO2E.KT,Saudi Arabia,SAU,199350,206210,218790,222400,234090,214930,230410,234530,244340,248600,266910,278110,294210,308970,328350,347530,382240,399630,439230,456670,488750,499380,536810,561140,556740,540700,514600
CO2 emissions (kt),EN.ATM.CO2E.KT,Senegal,SEN,2570,2500,2610,2760,2930,3210,3600,3960,4060,4450,4580,4490,5390,5670,5570,6200,6400,6650,7030,7570,7460,8010,8570,9280,9920,9570,9860
CO2 emissions (kt),EN.ATM.CO2E.KT,Serbia,SRB,48900,43210,39640,45340,52690,57270,57300,40780,43990,46170,49710,53100,57550,51510,53760,52580,51350,47070,46660,50810,45450,46150,38720,45160,46240,46900,45540
CO2 emissions (kt),EN.ATM.CO2E.KT,Seychelles,SYC,180,190,210,200,240,350,440,520,580,640,540,550,750,700,740,650,700,510,440,400,450,410,460,500,540,590,620
CO2 emissions (kt),EN.ATM.CO2E.KT,Sierra Leone,SLE,460,460,480,250,300,230,260,150,400,430,530,580,570,480,630,540,550,550,590,770,890,1070,1180,940,960,970,1020
CO2 emissions (kt),EN.ATM.CO2E.KT,Singapore,SGP,32180,37370,39240,38880,39860,39500,37990,38470,42580,42270,41370,38220,39620,36900,37170,38290,38420,38830,42410,44770,43690,43920,44460,45500,46160,47430,47360
CO2 emissions (kt),EN.ATM.CO2E.KT,Sint Maarten (Dutch part),SXM,..,..,..,..,..,..,..,..,..,..,..,..,..,..,..,..,..,..,..,..,..,..,..,..,..,..,..
CO2 emissions (kt),EN.ATM.CO2E.KT,Slovak Republic,SVK,46100,44320,41700,42370,42170,42270,41400,40660,38070,38580,38080,38340,37440,38520,37880,37220,37050,33840,35450,34130,32370,32940,30450,30750,31500,33580,33000
CO2 emissions (kt),EN.ATM.CO2E.KT,Slovenia,SVN,12830,13560,13610,14470,15290,15730,15500,14910,14540,15380,15520,15420,15710,15930,16310,16300,17390,15530,15810,15730,15170,14600,13170,13170,13930,14140,14050
CO2 emissions (kt),EN.ATM.CO2E.KT,Solomon Islands,SLB,170,180,190,200,210,210,220,230,240,250,260,270,310,340,330,340,320,330,340,350,360,390,340,310,360,350,370
CO2 emissions (kt),EN.ATM.CO2E.KT,Somalia,SOM,680,640,630,590,570,550,520,500,490,510,570,580,580,580,580,620,620,610,630,630,630,650,650,650,660,660,690
CO2 emissions (kt),EN.ATM.CO2E.KT,South Africa,ZAF,238820,246430,252010,264190,273980,288920,296510,278470,284730,320600,331420,353110,379970,377640,379560,396900,426560,404020,425110,409120,426710,436870,447980,424880,425180,435140,433250
CO2 emissions (kt),EN.ATM.CO2E.KT,South Sudan,SSD,0,0,0,0,0,0,0,0,0,0,0,0,0,0,0,0,0,0,0,0,1420,1450,1530,1970,1730,1520,1380
CO2 emissions (kt),EN.ATM.CO2E.KT,Spain,ESP,232480,218110,228460,240580,230100,248610,256220,278310,293310,294790,312750,318660,335560,350500,341780,354680,324160,287490,273250,274400,269270,242800,240960,256280,247030,263440,258340
CO2 emissions (kt),EN.ATM.CO2E.KT,Sri Lanka,LKA,5250,5090,5770,5820,8360,8340,8610,9500,10930,10850,11380,12410,12870,13980,12410,13590,12810,12290,13070,15420,16830,14480,17600,20360,21930,23310,21630
CO2 emissions (kt),EN.ATM.CO2E.KT,St. Kitts and Nevis,KNA,150,140,150,150,150,160,180,180,190,210,230,230,240,220,230,250,250,700,240,260,350,230,230,240,250,240,260
CO2 emissions (kt),EN.ATM.CO2E.KT,St. Lucia,LCA,270,260,280,310,320,320,360,370,360,420,380,430,420,380,410,320,320,1050,400,380,520,320,360,380,350,370,390
CO2 emissions (kt),EN.ATM.CO2E.KT,St. Martin (French part),MAF,..,..,..,..,..,..,..,..,..,..,..,..,..,..,..,..,..,..,..,..,..,..,..,..,..,..,..
CO2 emissions (kt),EN.ATM.CO2E.KT,St. Vincent and the Grenadines,VCT,120,120,140,150,150,160,190,190,160,210,230,230,250,250,250,300,220,990,250,230,400,220,290,220,270,270,280
CO2 emissions (kt),EN.ATM.CO2E.KT,Sudan,SDN,4530,3190,4660,4470,4260,5190,4710,5180,5550,6090,7540,7750,8510,10060,12440,13420,14510,14980,15870,15350,15210,14500,15330,17800,20480,20340,20200
CO2 emissions (kt),EN.ATM.CO2E.KT,Suriname,SUR,2030,2040,2040,2060,2080,2100,2100,2120,1480,1520,1120,1230,1390,1690,1530,1410,1460,1450,1740,1950,2440,2290,2640,2750,2310,2130,2080
CO2 emissions (kt),EN.ATM.CO2E.KT,Sweden,SWE,56750,56510,58490,58230,63650,57380,58360,57270,53280,52500,54020,55200,53590,50210,48900,47140,46150,42880,48130,44590,42150,40550,39100,39200,38790,38330,36000
CO2 emissions (kt),EN.ATM.CO2E.KT,Switzerland,CHE,45700,43450,42590,43440,44010,42750,44250,44530,43710,45160,43570,44840,45280,45850,45480,43540,44960,43670,45210,41190,42470,43480,39730,39030,39610,38620,37480
CO2 emissions (kt),EN.ATM.CO2E.KT,Syrian Arab Republic,SYR,31400,30760,31880,33690,36810,37150,40050,39280,39530,41300,41990,42280,44680,55600,58830,62120,64060,59160,59700,55920,45990,30530,27070,26040,26460,29100,27910
CO2 emissions (kt),EN.ATM.CO2E.KT,Tajikistan,TJK,7670,5160,3030,2510,2240,2510,2760,2540,2200,2150,2130,2170,2580,2450,2670,3250,3030,2390,2420,2540,2990,3160,4470,4760,5960,6370,7330
CO2 emissions (kt),EN.ATM.CO2E.KT,Tanzania,TZA,1860,1910,1910,2730,3070,2890,2690,2520,2950,3130,3570,3760,5100,5680,6060,5910,6100,5930,6910,8160,9870,10810,10720,11690,10920,11360,11580
CO2 emissions (kt),EN.ATM.CO2E.KT,Thailand,THA,107440,122060,136220,154760,173590,176750,155690,162500,163140,171830,182810,190850,208810,216110,218090,224150,228310,221300,235520,234620,252070,262460,258660,263080,260720,260660,257860
CO2 emissions (kt),EN.ATM.CO2E.KT,Timor-Leste,TLS,0,0,0,0,0,0,0,0,0,0,170,170,200,210,200,200,210,230,240,250,300,460,530,610,690,600,640
CO2 emissions (kt),EN.ATM.CO2E.KT,Togo,TGO,750,630,910,980,1360,760,1200,1710,1270,1180,1340,1830,1780,1750,1570,1500,1570,2820,2630,2510,2230,1750,1590,1820,2300,2070,2260
CO2 emissions (kt),EN.ATM.CO2E.KT,Tonga,TON,80,90,90,100,80,90,100,110,100,100,100,120,130,130,150,130,130,140,120,110,110,120,110,110,150,180,190
CO2 emissions (kt),EN.ATM.CO2E.KT,Trinidad and Tobago,TTO,11930,12470,13020,13160,13300,13770,14100,14210,14360,15430,16020,15320,15970,19670,22220,22070,21140,20190,22620,23190,22120,22730,21920,21260,18230,18190,17760
CO2 emissions (kt),EN.ATM.CO2E.KT,Tunisia,TUN,15180,16520,16650,17040,17600,18180,18920,19840,20930,21650,21730,21870,22830,23140,24070,24520,24790,25090,27440,25720,26680,26770,28830,29670,28990,29890,29980
CO2 emissions (kt),EN.ATM.CO2E.KT,Turkey,TUR,149830,155630,153930,168260,185450,193590,193850,192870,216620,197780,208120,219160,224600,235010,261090,288970,287200,287830,297120,317720,328880,318170,340640,351590,374590,415900,412970
CO2 emissions (kt),EN.ATM.CO2E.KT,Turkmenistan,TKM,28100,26630,32870,33430,29690,29940,30590,35770,36850,38090,39910,44410,46820,48360,49730,56200,56850,50380,57360,63410,66300,67780,69490,72080,72020,71960,71730
CO2 emissions (kt),EN.ATM.CO2E.KT,Turks and Caicos Islands,TCA,..,..,..,..,..,..,..,..,..,..,..,..,..,..,..,..,..,..,..,..,..,..,..,..,..,..,..
CO2 emissions (kt),EN.ATM.CO2E.KT,Tuvalu,TUV,10,10,10,10,10,10,10,10,10,10,10,10,10,10,10,10,10,10,10,10,10,10,10,10,10,10,10
CO2 emissions (kt),EN.ATM.CO2E.KT,Uganda,UGA,820,820,730,960,1070,1130,1290,1320,1330,1350,1540,1620,1770,2230,2600,2940,3180,3410,3850,4160,3910,4270,4740,4860,5670,5840,6130
CO2 emissions (kt),EN.ATM.CO2E.KT,Ukraine,UKR,574640,499320,415670,399250,346110,328250,309290,305730,297380,300550,303940,330230,307140,295410,303990,312140,301330,252290,269460,283520,277290,268600,237610,190870,201250,174840,185370
CO2 emissions (kt),EN.ATM.CO2E.KT,United Arab Emirates,ARE,59640,62150,68290,72640,75810,81450,83850,86000,84540,96260,98120,103530,109980,116280,121460,131690,156200,157180,162820,166320,175730,184100,183840,194040,199460,208250,200300
CO2 emissions (kt),EN.ATM.CO2E.KT,United Kingdom,GBR,552980,540520,535390,524290,544660,522330,525030,522360,530120,544480,530230,542080,542320,540600,541640,529160,514410,465120,481790,444420,467080,453060,414850,400370,378890,366380,358800
CO2 emissions (kt),EN.ATM.CO2E.KT,United States,USA,4880200,5000350,5073230,5126900,5283110,5547990,5590700,5610300,5776410,5749250,5594160,5659630,5740030,5756080,5656580,5740270,5563340,5159550,5392870,5172100,4950210,5089500,5102580,4982790,4888640,4813720,4981300
CO2 emissions (kt),EN.ATM.CO2E.KT,Uruguay,URY,4770,4490,4270,4690,5450,5560,5780,6780,5460,4950,4530,4490,5460,5410,6330,5850,7750,7670,6280,7610,8520,7360,6500,6590,6530,6080,6520
CO2 emissions (kt),EN.ATM.CO2E.KT,Uzbekistan,UZB,113070,113740,107170,96130,97100,98450,113730,114940,121690,122740,125390,118310,121430,114810,121930,118350,124200,114360,122560,125040,111290,113130,105410,101530,107350,111380,112090
CO2 emissions (kt),EN.ATM.CO2E.KT,Vanuatu,VUT,60,60,60,70,90,90,80,90,90,90,80,90,70,70,70,110,100,130,130,130,120,110,160,140,180,170,180
CO2 emissions (kt),EN.ATM.CO2E.KT,"Venezuela, RB",VEN,104750,110140,110330,116940,130630,135930,132520,127480,134390,137290,145580,138100,142740,157570,149890,152780,163490,163930,171400,170180,183930,187680,188350,173880,162060,148740,138160
CO2 emissions (kt),EN.ATM.CO2E.KT,Vietnam,VNM,19310,24250,26750,30320,34170,40140,44870,45170,50310,55920,66280,70460,84460,92040,95760,105380,117620,131720,149440,149020,147270,153630,168560,209200,223870,222130,257860
CO2 emissions (kt),EN.ATM.CO2E.KT,Virgin Islands (U.S.),VIR,..,..,..,..,..,..,..,..,..,..,..,..,..,..,..,..,..,..,..,..,..,..,..,..,..,..,..
CO2 emissions (kt),EN.ATM.CO2E.KT,West Bank and Gaza,PSE,..,..,..,..,..,..,..,..,..,..,..,..,..,..,..,..,..,..,..,..,..,..,..,..,..,..,..
CO2 emissions (kt),EN.ATM.CO2E.KT,"Yemen, Rep.",YEM,9130,8120,8480,9870,10080,10850,11730,13170,13890,15080,15140,17400,18400,19380,19410,20630,22010,25650,23990,20690,19680,26350,26710,14210,10880,10060,9310
CO2 emissions (kt),EN.ATM.CO2E.KT,Zambia,ZMB,2850,2520,2140,2130,1760,2280,2170,1760,1810,1830,1920,2090,2110,2290,2180,1980,2180,2470,2640,3060,4020,4240,4800,5070,5590,6990,7740
CO2 emissions (kt),EN.ATM.CO2E.KT,Zimbabwe,ZWE,18470,17080,15960,15480,14860,13830,14070,15820,13700,13900,12490,10180,9770,10510,9830,9760,7600,7750,9810,11490,12110,12360,12150,12400,10990,10230,12270
,,,,,,,,,,,,,,,,,,,,,,,,,,,,,,
,,,,,,,,,,,,,,,,,,,,,,,,,,,,,,
,,,,,,,,,,,,,,,,,,,,,,,,,,,,,,
Data from database: World Development Indicators,,,,,,,,,,,,,,,,,,,,,,,,,,,,,,
Last Updated: 02/15/2022,,,,,,,,,,,,,,,,,,,,,,,,,,,,,,
